{"notes":[{"typeOfSection":0,"lengthInSteps":16,"sectionNotes":[],"mustHitSection":true},{"typeOfSection":0,"lengthInSteps":16,"sectionNotes":[],"mustHitSection":false},{"typeOfSection":0,"lengthInSteps":16,"sectionNotes":[[4000,0,0],[5000,3,0],[5375,3,0],[5750,1,0],[5178.125,2,0],[4750,0,0],[4500,0,0]],"mustHitSection":true},{"typeOfSection":0,"lengthInSteps":16,"sectionNotes":[[6750,0,0],[7000,3,0],[7375,3,0],[7750,1,0],[6250,0,0],[6500,0,0],[7181.25,2,0]],"mustHitSection":true},{"typeOfSection":0,"lengthInSteps":16,"sectionNotes":[[8000,3,250],[8500,0,0],[8750,2,0],[9000,0,0],[9375,1,0],[9750,2,0],[9187.5,2,0]],"mustHitSection":false},{"typeOfSection":0,"lengthInSteps":16,"sectionNotes":[[10000,2,0],[10250,1,0],[10750,0,0],[11000,2,0],[11250,0,0],[11750,1,0],[10375,2,0],[11437.5,2,0]],"mustHitSection":false},{"typeOfSection":0,"lengthInSteps":16,"sectionNotes":[[12000,0,0],[13000,3,0],[13375,3,0],[13750,1,0],[12750,0,0],[12500,0,0],[13181.25,2,0]],"mustHitSection":true},{"typeOfSection":0,"lengthInSteps":16,"sectionNotes":[[14750,0,0],[15125,2,0],[15375,3,0],[15750,1,0],[14250,0,0],[14500,0,0],[15000,1,0]],"mustHitSection":true},{"typeOfSection":0,"lengthInSteps":16,"sectionNotes":[[16000,3,250],[16500,0,0],[16750,2,0],[17000,0,0],[17375,1,0],[17750,2,0],[17178.125,2,0]],"mustHitSection":false},{"typeOfSection":0,"lengthInSteps":16,"sectionNotes":[[18000,2,0],[18250,1,0],[18375,2,0],[18750,0,0],[19000,2,0],[19250,3,0],[19500,3,0],[19750,3,0]],"mustHitSection":false},{"typeOfSection":0,"lengthInSteps":16,"sectionNotes":[[20000,0,250],[20375,0,0],[20625,1,0],[20875,2,0],[21375,2,0],[21750,2,0],[21062.5,0,0]],"mustHitSection":false},{"typeOfSection":0,"lengthInSteps":16,"sectionNotes":[[22000,3,0],[22250,3,0],[22625,1,0],[22875,3,0],[23125,0,0],[23375,3,125],[23625,1,0]],"mustHitSection":false},{"typeOfSection":0,"lengthInSteps":16,"sectionNotes":[[24375,2,0],[24625,2,0],[24875,2,0],[25125,3,0],[25375,2,0],[25625,1,0],[24000,0,250]],"mustHitSection":false},{"typeOfSection":0,"lengthInSteps":16,"sectionNotes":[[26000,3,0],[26250,3,0],[26625,1,0],[27000,0,0],[27125,2,0],[27375,3,250],[27750,1,125]],"mustHitSection":false},{"typeOfSection":0,"lengthInSteps":16,"sectionNotes":[[28375,0,0],[28000,0,0],[28875,2,0],[29375,1,0],[29625,3,0],[29875,2,0],[29053.125,3,0]],"mustHitSection":true},{"typeOfSection":0,"lengthInSteps":16,"sectionNotes":[[30250,3,0],[30625,1,0],[30750,2,0],[31000,1,0],[31250,0,0],[31375,3,0],[31625,3,0]],"mustHitSection":true},{"typeOfSection":0,"lengthInSteps":16,"sectionNotes":[[32000,0,0],[32375,0,0],[32875,2,0],[33375,1,0],[33625,0,0],[33875,2,0],[33056.25,3,0]],"mustHitSection":true},{"typeOfSection":0,"lengthInSteps":16,"sectionNotes":[[34250,3,0],[34625,1,0],[34750,2,0],[34875,1,0],[35125,0,0],[35375,0,0],[35625,2,125],[35250,1,0]],"mustHitSection":true},{"typeOfSection":0,"lengthInSteps":16,"sectionNotes":[[36000,3,0],[36250,3,250],[36625,1,0],[37250,0,0],[37625,1,0],[36875,2,250],[37875,2,250]],"mustHitSection":false},{"typeOfSection":0,"lengthInSteps":16,"sectionNotes":[[38250,0,125],[39125,4,250],[39625,5,125],[38625,7,125],[38875,6,125]],"mustHitSection":false},{"typeOfSection":0,"lengthInSteps":16,"sectionNotes":[[40000,3,0],[40250,3,250],[40625,1,0],[41250,0,0],[41625,1,0],[40875,2,250],[41875,2,250]],"mustHitSection":false},{"typeOfSection":0,"lengthInSteps":16,"sectionNotes":[[42250,0,125],[43125,4,250],[42625,7,125],[42875,6,125],[43875,6,0],[43625,7,0]],"mustHitSection":false},{"typeOfSection":0,"lengthInSteps":16,"sectionNotes":[[44625,1,0],[45250,3,0],[45875,4,0],[44250,0,0],[44875,0,0],[45625,0,0],[45437.5,3,0]],"mustHitSection":true},{"typeOfSection":0,"lengthInSteps":16,"sectionNotes":[[46625,1,0],[46250,3,0],[46875,3,0],[47125,2,0],[47625,0,0],[47875,6,0]],"mustHitSection":false},{"typeOfSection":0,"lengthInSteps":16,"sectionNotes":[[48250,0,0],[48625,1,0],[48875,0,0],[49250,3,0],[49625,0,0],[49875,4,0],[49434.375,3,0]],"mustHitSection":true},{"typeOfSection":0,"lengthInSteps":16,"sectionNotes":[[50625,1,0],[50250,3,0],[50875,3,0],[51250,1,0],[51625,2,125],[51875,4,0]],"mustHitSection":false},{"typeOfSection":0,"lengthInSteps":16,"sectionNotes":[[52250,0,0],[52500,0,0],[52750,3,0],[53125,3,0],[53500,1,0],[52931.25,2,0]],"mustHitSection":true},{"typeOfSection":0,"lengthInSteps":16,"sectionNotes":[[54125,0,0],[54375,0,0],[54625,0,0],[54875,3,0],[55250,3,0],[55875,7,250],[55500,1,0],[55050,2,0]],"mustHitSection":true},{"typeOfSection":0,"lengthInSteps":16,"sectionNotes":[[56250,0,0],[56500,2,0],[56750,0,0],[57125,1,0],[57500,2,0],[57750,2,0],[56931.25,2,0]],"mustHitSection":false},{"typeOfSection":0,"lengthInSteps":16,"sectionNotes":[[58000,1,0],[58500,0,0],[58750,2,0],[59000,0,0],[59500,1,0],[59750,4,0],[58181.25,2,0],[59184.375,2,0]],"mustHitSection":false},{"typeOfSection":0,"lengthInSteps":16,"sectionNotes":[[60250,0,0],[60500,0,0],[60750,3,0],[61125,3,0],[61500,1,0],[60931.25,2,0]],"mustHitSection":true},{"typeOfSection":0,"lengthInSteps":16,"sectionNotes":[[62000,0,0],[62250,0,0],[62500,0,0],[62750,1,0],[62875,2,0],[63125,3,0],[63500,1,0],[63750,7,250]],"mustHitSection":true},{"typeOfSection":0,"lengthInSteps":16,"sectionNotes":[[64250,0,0],[64500,2,0],[64750,0,0],[65125,1,0],[65500,2,0],[65750,2,0],[64931.25,2,0]],"mustHitSection":false},{"typeOfSection":0,"lengthInSteps":16,"sectionNotes":[[66000,1,0],[66125,2,0],[66500,0,0],[66750,2,0],[67000,3,0],[67250,3,0],[67500,3,0],[67750,0,250]],"mustHitSection":false},{"typeOfSection":0,"lengthInSteps":16,"sectionNotes":[[68125,0,0],[68500,1,0],[68750,2,0],[68875,0,0],[69125,2,0],[69500,2,0],[69750,3,0]],"mustHitSection":false},{"typeOfSection":0,"lengthInSteps":16,"sectionNotes":[[70000,3,0],[70500,1,0],[70750,3,0],[70875,0,0],[71125,3,125],[71500,1,0],[71750,0,250]],"mustHitSection":false},{"typeOfSection":0,"lengthInSteps":16,"sectionNotes":[[72250,2,0],[72500,2,0],[72750,2,0],[73125,2,0],[73500,1,0],[73750,3,0],[72931.25,3,0]],"mustHitSection":false},{"typeOfSection":0,"lengthInSteps":16,"sectionNotes":[[74000,3,0],[74500,1,0],[74750,0,0],[74875,2,0],[75500,1,125],[75125,3,0],[75375,3,0],[75750,4,0]],"mustHitSection":false},{"typeOfSection":0,"lengthInSteps":16,"sectionNotes":[[76125,0,0],[76750,2,0],[77125,1,0],[77375,3,0],[77625,2,0],[76937.5,3,0]],"mustHitSection":true},{"typeOfSection":0,"lengthInSteps":16,"sectionNotes":[[78000,3,0],[78375,1,0],[78500,2,0],[78750,1,0],[79000,0,0],[79625,0,0],[79250,3,0],[79428.125,3,0]],"mustHitSection":true},{"typeOfSection":0,"lengthInSteps":16,"sectionNotes":[[80125,0,0],[80625,2,0],[81000,1,0],[81375,0,0],[81625,2,0],[80809.375,3,0]],"mustHitSection":true},{"typeOfSection":0,"lengthInSteps":16,"sectionNotes":[[82000,3,0],[82375,1,0],[82500,2,0],[82625,1,0],[83375,2,125],[82875,0,0],[83125,0,0],[83625,7,0],[83000,1,0]],"mustHitSection":true},{"lengthInSteps":16,"sectionNotes":[[84000,3,250],[84500,1,0],[85125,0,0],[84750,2,250],[85625,2,250],[85375,1,0]],"typeOfSection":0,"mustHitSection":false,"changeBPM":false,"bpm":120},{"sectionNotes":[[86000,0,125],[86375,7,125],[86625,6,125],[87000,4,250],[87375,4,250],[87625,3,0],[87750,6,125]],"typeOfSection":0,"lengthInSteps":16,"altAnim":false,"mustHitSection":false,"changeBPM":false,"bpm":120},{"sectionNotes":[[88000,7,250],[88375,5,0],[88625,6,250],[89000,4,0],[89375,5,0],[89625,6,250],[88000,0,0],[88375,3,125]],"typeOfSection":0,"lengthInSteps":16,"altAnim":false,"mustHitSection":true,"changeBPM":false,"bpm":120},{"sectionNotes":[[90000,4,125],[90375,3,125],[90625,2,250],[91000,0,0],[91375,3,0],[91625,2,0]],"typeOfSection":0,"lengthInSteps":16,"altAnim":false,"mustHitSection":true,"changeBPM":false,"bpm":120},{"sectionNotes":[[92000,0,0],[92375,1,0],[92625,0,0],[93000,3,0],[93375,0,0],[93181.25,3,0],[93625,6,0]],"typeOfSection":0,"lengthInSteps":16,"altAnim":false,"mustHitSection":true,"changeBPM":false,"bpm":120},{"sectionNotes":[[94000,3,0],[94375,1,0],[94625,3,0],[95000,2,0],[95375,0,0],[95625,6,0]],"typeOfSection":0,"lengthInSteps":16,"altAnim":false,"mustHitSection":false,"changeBPM":false,"bpm":120},{"sectionNotes":[[96000,0,0],[96375,1,0],[96625,0,0],[97000,3,0],[97375,0,0],[97625,4,0],[97181.25,3,0]],"typeOfSection":0,"lengthInSteps":16,"altAnim":false,"mustHitSection":true,"changeBPM":false,"bpm":120},{"sectionNotes":[[98000,3,0],[98375,1,0],[98625,3,0],[99000,1,0],[99375,2,125],[99625,3,250]],"typeOfSection":0,"lengthInSteps":16,"altAnim":false,"mustHitSection":false,"changeBPM":false,"bpm":120},{"sectionNotes":[[100000,7,250],[100875,1,250],[100500,0,250],[101375,2,125],[101625,7,250]],"typeOfSection":0,"lengthInSteps":16,"altAnim":false,"mustHitSection":true,"changeBPM":false,"bpm":120},{"sectionNotes":[[102000,7,250],[102625,2,125],[103000,0,0],[103375,3,0],[103625,5,250]],"typeOfSection":0,"lengthInSteps":16,"altAnim":false,"mustHitSection":true,"changeBPM":false,"bpm":120},{"sectionNotes":[[104625,0,0],[105000,2,0],[105375,1,0],[105625,2,0],[104000,5,250]],"typeOfSection":0,"lengthInSteps":16,"altAnim":false,"mustHitSection":true,"changeBPM":false,"bpm":120},{"sectionNotes":[[106000,3,0],[106375,2,0],[106625,7,0],[106875,7,0],[107125,7,0],[107375,7,0],[106178.125,3,0]],"typeOfSection":0,"lengthInSteps":16,"altAnim":false,"mustHitSection":true,"changeBPM":false,"bpm":120},{"sectionNotes":[],"typeOfSection":0,"lengthInSteps":16,"altAnim":false,"mustHitSection":false,"changeBPM":false,"bpm":120},{"sectionNotes":[],"typeOfSection":0,"lengthInSteps":16,"altAnim":false,"mustHitSection":false,"changeBPM":false,"bpm":120},{"sectionNotes":[],"typeOfSection":0,"lengthInSteps":16,"altAnim":false,"mustHitSection":false,"changeBPM":false,"bpm":120},{"sectionNotes":[],"typeOfSection":0,"lengthInSteps":16,"altAnim":false,"mustHitSection":true,"changeBPM":false,"bpm":120},{"sectionNotes":[],"typeOfSection":0,"lengthInSteps":16,"altAnim":false,"mustHitSection":true,"changeBPM":false,"bpm":120},{"sectionNotes":[],"typeOfSection":0,"lengthInSteps":16,"altAnim":false,"mustHitSection":true,"changeBPM":false,"bpm":120},{"sectionNotes":[],"typeOfSection":0,"lengthInSteps":16,"altAnim":false,"mustHitSection":true,"changeBPM":false,"bpm":120},{"sectionNotes":[],"typeOfSection":0,"lengthInSteps":16,"altAnim":false,"mustHitSection":true,"changeBPM":false,"bpm":120},{"sectionNotes":[],"typeOfSection":0,"lengthInSteps":16,"altAnim":false,"mustHitSection":true,"changeBPM":false,"bpm":120},{"sectionNotes":[],"typeOfSection":0,"lengthInSteps":16,"altAnim":false,"mustHitSection":true,"changeBPM":false,"bpm":120},{"lengthInSteps":16,"typeOfSection":0,"sectionNotes":[],"altAnim":false,"bpm":120,"changeBPM":false,"mustHitSection":true},{"sectionNotes":[],"typeOfSection":0,"lengthInSteps":16,"altAnim":false,"mustHitSection":true,"changeBPM":false,"bpm":120},{"sectionNotes":[],"typeOfSection":0,"lengthInSteps":16,"altAnim":false,"mustHitSection":true,"changeBPM":false,"bpm":120},{"lengthInSteps":16,"typeOfSection":0,"sectionNotes":[],"altAnim":false,"bpm":120,"changeBPM":false,"mustHitSection":true},{"sectionNotes":[],"typeOfSection":0,"lengthInSteps":16,"altAnim":false,"mustHitSection":true,"changeBPM":false,"bpm":120},{"lengthInSteps":16,"altAnim":false,"typeOfSection":0,"sectionNotes":[],"bpm":120,"changeBPM":false,"mustHitSection":true}],"sections":70,"bpm":120,"song":{"player1":"bf","sectionLengths":[],"player2":"whitty","notes":[{"typeOfSection":0,"lengthInSteps":16,"sectionNotes":[],"mustHitSection":true},{"typeOfSection":0,"lengthInSteps":16,"sectionNotes":[],"mustHitSection":false},{"typeOfSection":0,"lengthInSteps":16,"sectionNotes":[[4000,0,0],[5000,3,0],[5375,3,0],[5750,1,0],[5178.125,2,0],[4750,0,0],[4500,0,0]],"mustHitSection":true},{"typeOfSection":0,"lengthInSteps":16,"sectionNotes":[[6750,0,0],[7000,3,0],[7375,3,0],[7750,1,0],[6250,0,0],[6500,0,0],[7181.25,2,0]],"mustHitSection":true},{"typeOfSection":0,"lengthInSteps":16,"sectionNotes":[[8000,3,250],[8500,0,0],[8750,2,0],[9000,0,0],[9375,1,0],[9750,2,0],[9187.5,2,0]],"mustHitSection":false},{"typeOfSection":0,"lengthInSteps":16,"sectionNotes":[[10000,2,0],[10250,1,0],[10750,0,0],[11000,2,0],[11250,0,0],[11750,1,0],[10375,2,0],[11437.5,2,0]],"mustHitSection":false},{"typeOfSection":0,"lengthInSteps":16,"sectionNotes":[[12000,0,0],[13000,3,0],[13375,3,0],[13750,1,0],[12750,0,0],[12500,0,0],[13181.25,2,0]],"mustHitSection":true},{"typeOfSection":0,"lengthInSteps":16,"sectionNotes":[[14750,0,0],[15125,2,0],[15375,3,0],[15750,1,0],[14250,0,0],[14500,0,0],[15000,1,0]],"mustHitSection":true},{"typeOfSection":0,"lengthInSteps":16,"sectionNotes":[[16000,3,250],[16500,0,0],[16750,2,0],[17000,0,0],[17375,1,0],[17750,2,0],[17178.125,2,0]],"mustHitSection":false},{"typeOfSection":0,"lengthInSteps":16,"sectionNotes":[[18000,2,0],[18250,1,0],[18375,2,0],[18750,0,0],[19000,2,0],[19250,3,0],[19500,3,0],[19750,3,0]],"mustHitSection":false},{"typeOfSection":0,"lengthInSteps":16,"sectionNotes":[[20000,0,250],[20375,0,0],[20625,1,0],[20875,2,0],[21375,2,0],[21750,2,0],[21062.5,0,0]],"mustHitSection":false},{"typeOfSection":0,"lengthInSteps":16,"sectionNotes":[[22000,3,0],[22250,3,0],[22625,1,0],[22875,3,0],[23125,0,0],[23375,3,125],[23625,1,0]],"mustHitSection":false},{"typeOfSection":0,"lengthInSteps":16,"sectionNotes":[[24375,2,0],[24625,2,0],[24875,2,0],[25125,3,0],[25375,2,0],[25625,1,0],[24000,0,250]],"mustHitSection":false},{"typeOfSection":0,"lengthInSteps":16,"sectionNotes":[[26000,3,0],[26250,3,0],[26625,1,0],[27000,0,0],[27125,2,0],[27375,3,250],[27750,1,125]],"mustHitSection":false},{"typeOfSection":0,"lengthInSteps":16,"sectionNotes":[[28375,0,0],[28000,0,0],[28875,2,0],[29375,1,0],[29625,3,0],[29875,2,0],[29053.125,3,0]],"mustHitSection":true},{"typeOfSection":0,"lengthInSteps":16,"sectionNotes":[[30250,3,0],[30625,1,0],[30750,2,0],[31000,1,0],[31250,0,0],[31375,3,0],[31625,3,0]],"mustHitSection":true},{"typeOfSection":0,"lengthInSteps":16,"sectionNotes":[[32000,0,0],[32375,0,0],[32875,2,0],[33375,1,0],[33625,0,0],[33875,2,0],[33056.25,3,0]],"mustHitSection":true},{"typeOfSection":0,"lengthInSteps":16,"sectionNotes":[[34250,3,0],[34625,1,0],[34750,2,0],[34875,1,0],[35125,0,0],[35375,0,0],[35625,2,125],[35250,1,0]],"mustHitSection":true},{"typeOfSection":0,"lengthInSteps":16,"sectionNotes":[[36000,3,0],[36250,3,250],[36625,1,0],[37250,0,0],[37625,1,0],[36875,2,250],[37875,2,250]],"mustHitSection":false},{"typeOfSection":0,"lengthInSteps":16,"sectionNotes":[[38250,0,125],[39125,4,250],[39625,5,125],[38625,7,125],[38875,6,125]],"mustHitSection":false},{"typeOfSection":0,"lengthInSteps":16,"sectionNotes":[[40000,3,0],[40250,3,250],[40625,1,0],[41250,0,0],[41625,1,0],[40875,2,250],[41875,2,250]],"mustHitSection":false},{"typeOfSection":0,"lengthInSteps":16,"sectionNotes":[[42250,0,125],[43125,4,250],[42625,7,125],[42875,6,125],[43875,6,0],[43625,7,0]],"mustHitSection":false},{"typeOfSection":0,"lengthInSteps":16,"sectionNotes":[[44625,1,0],[45250,3,0],[45875,4,0],[44250,0,0],[44875,0,0],[45625,0,0],[45437.5,3,0]],"mustHitSection":true},{"typeOfSection":0,"lengthInSteps":16,"sectionNotes":[[46625,1,0],[46250,3,0],[46875,3,0],[47125,2,0],[47625,0,0],[47875,6,0]],"mustHitSection":false},{"typeOfSection":0,"lengthInSteps":16,"sectionNotes":[[48250,0,0],[48625,1,0],[48875,0,0],[49250,3,0],[49625,0,0],[49875,4,0],[49434.375,3,0]],"mustHitSection":true},{"typeOfSection":0,"lengthInSteps":16,"sectionNotes":[[50625,1,0],[50250,3,0],[50875,3,0],[51250,1,0],[51625,2,125],[51875,4,0]],"mustHitSection":false},{"typeOfSection":0,"lengthInSteps":16,"sectionNotes":[[52250,0,0],[52500,0,0],[52750,3,0],[53125,3,0],[53500,1,0],[52931.25,2,0]],"mustHitSection":true},{"typeOfSection":0,"lengthInSteps":16,"sectionNotes":[[54125,0,0],[54375,0,0],[54625,0,0],[54875,3,0],[55250,3,0],[55875,7,250],[55500,1,0],[55050,2,0]],"mustHitSection":true},{"typeOfSection":0,"lengthInSteps":16,"sectionNotes":[[56250,0,0],[56500,2,0],[56750,0,0],[57125,1,0],[57500,2,0],[57750,2,0],[56931.25,2,0]],"mustHitSection":false},{"typeOfSection":0,"lengthInSteps":16,"sectionNotes":[[58000,1,0],[58500,0,0],[58750,2,0],[59000,0,0],[59500,1,0],[59750,4,0],[58181.25,2,0],[59184.375,2,0]],"mustHitSection":false},{"typeOfSection":0,"lengthInSteps":16,"sectionNotes":[[60250,0,0],[60500,0,0],[60750,3,0],[61125,3,0],[61500,1,0],[60931.25,2,0]],"mustHitSection":true},{"typeOfSection":0,"lengthInSteps":16,"sectionNotes":[[62000,0,0],[62250,0,0],[62500,0,0],[62750,1,0],[62875,2,0],[63125,3,0],[63500,1,0],[63750,7,250]],"mustHitSection":true},{"typeOfSection":0,"lengthInSteps":16,"sectionNotes":[[64250,0,0],[64500,2,0],[64750,0,0],[65125,1,0],[65500,2,0],[65750,2,0],[64931.25,2,0]],"mustHitSection":false},{"typeOfSection":0,"lengthInSteps":16,"sectionNotes":[[66000,1,0],[66125,2,0],[66500,0,0],[66750,2,0],[67000,3,0],[67250,3,0],[67500,3,0],[67750,0,250]],"mustHitSection":false},{"typeOfSection":0,"lengthInSteps":16,"sectionNotes":[[68125,0,0],[68500,1,0],[68750,2,0],[68875,0,0],[69125,2,0],[69500,2,0],[69750,3,0]],"mustHitSection":false},{"typeOfSection":0,"lengthInSteps":16,"sectionNotes":[[70000,3,0],[70500,1,0],[70750,3,0],[70875,0,0],[71125,3,125],[71500,1,0],[71750,0,250]],"mustHitSection":false},{"typeOfSection":0,"lengthInSteps":16,"sectionNotes":[[72250,2,0],[72500,2,0],[72750,2,0],[73125,2,0],[73500,1,0],[73750,3,0],[72931.25,3,0]],"mustHitSection":false},{"typeOfSection":0,"lengthInSteps":16,"sectionNotes":[[74000,3,0],[74500,1,0],[74750,0,0],[74875,2,0],[75500,1,125],[75125,3,0],[75375,3,0],[75750,4,0]],"mustHitSection":false},{"typeOfSection":0,"lengthInSteps":16,"sectionNotes":[[76125,0,0],[76750,2,0],[77125,1,0],[77375,3,0],[77625,2,0],[76937.5,3,0]],"mustHitSection":true},{"typeOfSection":0,"lengthInSteps":16,"sectionNotes":[[78000,3,0],[78375,1,0],[78500,2,0],[78750,1,0],[79000,0,0],[79625,0,0],[79250,3,0],[79428.125,3,0]],"mustHitSection":true},{"typeOfSection":0,"lengthInSteps":16,"sectionNotes":[[80125,0,0],[80625,2,0],[81000,1,0],[81375,0,0],[81625,2,0],[80809.375,3,0]],"mustHitSection":true},{"typeOfSection":0,"lengthInSteps":16,"sectionNotes":[[82000,3,0],[82375,1,0],[82500,2,0],[82625,1,0],[83375,2,125],[82875,0,0],[83125,0,0],[83625,7,0],[83000,1,0]],"mustHitSection":true},{"lengthInSteps":16,"sectionNotes":[[84000,3,250],[84500,1,0],[85125,0,0],[84750,2,250],[85625,2,250],[85375,1,0]],"typeOfSection":0,"mustHitSection":false,"changeBPM":false,"bpm":120},{"sectionNotes":[[86000,0,125],[86375,7,125],[86625,6,125],[87000,4,250],[87375,4,250],[87625,3,0],[87750,6,125]],"typeOfSection":0,"lengthInSteps":16,"altAnim":false,"mustHitSection":false,"changeBPM":false,"bpm":120},{"sectionNotes":[[88000,7,250],[88375,5,0],[88625,6,250],[89000,4,0],[89375,5,0],[89625,6,250],[88000,0,0],[88375,3,125]],"typeOfSection":0,"lengthInSteps":16,"altAnim":false,"mustHitSection":true,"changeBPM":false,"bpm":120},{"sectionNotes":[[90000,4,125],[90375,3,125],[90625,2,250],[91000,0,0],[91375,3,0],[91625,2,0]],"typeOfSection":0,"lengthInSteps":16,"altAnim":false,"mustHitSection":true,"changeBPM":false,"bpm":120},{"sectionNotes":[[92000,0,0],[92375,1,0],[92625,0,0],[93000,3,0],[93375,0,0],[93181.25,3,0],[93625,6,0]],"typeOfSection":0,"lengthInSteps":16,"altAnim":false,"mustHitSection":true,"changeBPM":false,"bpm":120},{"sectionNotes":[[94000,3,0],[94375,1,0],[94625,3,0],[95000,2,0],[95375,0,0],[95625,6,0]],"typeOfSection":0,"lengthInSteps":16,"altAnim":false,"mustHitSection":false,"changeBPM":false,"bpm":120},{"sectionNotes":[[96000,0,0],[96375,1,0],[96625,0,0],[97000,3,0],[97375,0,0],[97625,4,0],[97181.25,3,0]],"typeOfSection":0,"lengthInSteps":16,"altAnim":false,"mustHitSection":true,"changeBPM":false,"bpm":120},{"sectionNotes":[[98000,3,0],[98375,1,0],[98625,3,0],[99000,1,0],[99375,2,125],[99625,3,250]],"typeOfSection":0,"lengthInSteps":16,"altAnim":false,"mustHitSection":false,"changeBPM":false,"bpm":120},{"sectionNotes":[[100000,7,250],[100875,1,250],[100500,0,250],[101375,2,125],[101625,7,250]],"typeOfSection":0,"lengthInSteps":16,"altAnim":false,"mustHitSection":true,"changeBPM":false,"bpm":120},{"sectionNotes":[[102000,7,250],[102625,2,125],[103000,0,0],[103375,3,0],[103625,5,250]],"typeOfSection":0,"lengthInSteps":16,"altAnim":false,"mustHitSection":true,"changeBPM":false,"bpm":120},{"sectionNotes":[[104625,0,0],[105000,2,0],[105375,1,0],[105625,2,0],[104000,5,250]],"typeOfSection":0,"lengthInSteps":16,"altAnim":false,"mustHitSection":true,"changeBPM":false,"bpm":120},{"sectionNotes":[[106000,3,0],[106375,2,0],[106625,7,0],[106875,7,0],[107125,7,0],[107375,7,0],[106178.125,3,0]],"typeOfSection":0,"lengthInSteps":16,"altAnim":false,"mustHitSection":true,"changeBPM":false,"bpm":120},{"sectionNotes":[],"typeOfSection":0,"lengthInSteps":16,"altAnim":false,"mustHitSection":false,"changeBPM":false,"bpm":120},{"sectionNotes":[],"typeOfSection":0,"lengthInSteps":16,"altAnim":false,"mustHitSection":false,"changeBPM":false,"bpm":120},{"sectionNotes":[],"typeOfSection":0,"lengthInSteps":16,"altAnim":false,"mustHitSection":false,"changeBPM":false,"bpm":120},{"sectionNotes":[],"typeOfSection":0,"lengthInSteps":16,"altAnim":false,"mustHitSection":true,"changeBPM":false,"bpm":120},{"sectionNotes":[],"typeOfSection":0,"lengthInSteps":16,"altAnim":false,"mustHitSection":true,"changeBPM":false,"bpm":120},{"sectionNotes":[],"typeOfSection":0,"lengthInSteps":16,"altAnim":false,"mustHitSection":true,"changeBPM":false,"bpm":120},{"sectionNotes":[],"typeOfSection":0,"lengthInSteps":16,"altAnim":false,"mustHitSection":true,"changeBPM":false,"bpm":120},{"sectionNotes":[],"typeOfSection":0,"lengthInSteps":16,"altAnim":false,"mustHitSection":true,"changeBPM":false,"bpm":120},{"sectionNotes":[],"typeOfSection":0,"lengthInSteps":16,"altAnim":false,"mustHitSection":true,"changeBPM":false,"bpm":120},{"sectionNotes":[],"typeOfSection":0,"lengthInSteps":16,"altAnim":false,"mustHitSection":true,"changeBPM":false,"bpm":120},{"lengthInSteps":16,"typeOfSection":0,"sectionNotes":[],"altAnim":false,"bpm":120,"changeBPM":false,"mustHitSection":true},{"sectionNotes":[],"typeOfSection":0,"lengthInSteps":16,"altAnim":false,"mustHitSection":true,"changeBPM":false,"bpm":120},{"sectionNotes":[],"typeOfSection":0,"lengthInSteps":16,"altAnim":false,"mustHitSection":true,"changeBPM":false,"bpm":120},{"lengthInSteps":16,"typeOfSection":0,"sectionNotes":[],"altAnim":false,"bpm":120,"changeBPM":false,"mustHitSection":true},{"sectionNotes":[],"typeOfSection":0,"lengthInSteps":16,"altAnim":false,"mustHitSection":true,"changeBPM":false,"bpm":120},{"lengthInSteps":16,"altAnim":false,"typeOfSection":0,"sectionNotes":[],"bpm":120,"changeBPM":false,"mustHitSection":true}],"song":"Lo-Fight","validScore":true,"sections":0,"needsVoices":true,"bpm":120,"speed":2}}